ID,Layer,Element / Pattern,Target Surface,Shadcn Primitives & Libs,Golden UX / UI Rule,Mandatory States & Edge Cases
SYS-01,System Foundations,Theme Provider & Toggle,Both,"DropdownMenu, Button, next-themes",Zero flash on page load (SSR safe); respects OS preference; keyboard accessible.,"Light, Dark, System, High-contrast"
SYS-02,System Foundations,Global Command Menu (Cmd+K),Both Contextual,"Command, Dialog, Badge",Group results by category; instant keyboard navigation; recent searches memory.,"Open/Closed, Empty, Loading, Scoped search"
SYS-03,System Foundations,Toast Notification System,Both,Sonner,Limit to 3 stacked toasts max; always provide actionable Undo buttons for destructive triggers.,"Success, Error, Warning, Loading, Dismissed"
SYS-04,System Foundations,Notification Drawer / Popover,Backend,"Popover/Sheet, Tabs, ScrollArea, Badge",Group by Unread vs All; support Mark all as read; link directly to underlying record.,"Empty, Unread indicators, Paginated scroll"
SYS-05,System Foundations,Keyboard Shortcut Overlay (?),Backend,"Dialog, Kbd, Table",Pressing ? opens modal showing global and page-specific shortcuts.,"Categorized groups, Platform-specific keys"
SYS-06,System Foundations,Skip to Content Anchor,Both,Radix focus primitive,Hidden until focused via Tab; jumps past navbars directly to main content.,"Hidden, Focused/Visible"
MKT-01,Public Marketing,Sticky Glassmorphism Header,Public,"NavigationMenu, Button, Sheet",Dynamic blur on scroll; mobile drawer replaces menu at <md; auth-aware CTAs.,"Scrolled vs Top, Guest vs Authenticated, Drawer open"
MKT-02,Public Marketing,Hero Section (Split & Centered),Public,"Badge, Button, AspectRatio",Clear value prop H1; high contrast primary CTA; secondary demo CTA; social proof badge.,"Interactive demo preview, Video modal, Responsive"
MKT-03,Public Marketing,Infinite Logo Marquee,Public,Framer Motion / CSS keyframes,Pauses on hover/focus; obeys prefers-reduced-motion; monochrome with hover opacity.,"Running, Paused, Dark/Light variants"
MKT-04,Public Marketing,Bento Grid Feature Showcase,Public,"Card, Badge, Lucide Icons",Asymmetric layout showing real UI snippets instead of stock vectors; subtle hover glow.,"Responsive stack, Hover interactions"
MKT-05,Public Marketing,Interactive Product Showcase Tabs,Public,"Tabs, AspectRatio, Card",Tab triggers change high-res UI previews; autoplays with progress bar until click.,"Auto-cycling, Paused on click, Active indicator"
MKT-06,Public Marketing,Testimonial Wall / Grid,Public,"Card, Avatar, Badge",Real customer avatars and verified company chips; optional video quote toggle.,"Masonry/Carousel, Hover state, Read more truncation"
MKT-07,Public Marketing,Pricing Matrix & Toggle,Public,"Card, Switch/Tabs, Badge, Button",Monthly vs Annual toggle with savings badge; visually highlight Most Popular.,"Monthly, Annual, Currency selector, Enterprise"
MKT-08,Public Marketing,Detailed Feature Comparison Table,Public,"Table, Tooltip, Check/Minus icons",Sticky header row on scroll; expandable categories; explanatory tooltips.,"Sticky scrolled, Expanded/Collapsed, Mobile fallback"
MKT-09,Public Marketing,Searchable FAQ Accordion,Public,"Accordion, Input",Deep-linkable accordion items (URL hash); search input if question count > 8.,"Collapsed, Expanded, Filtered/Empty"
MKT-10,Public Marketing,Newsletter / Lead Capture,Public,"Input, Button, Hook Form + Zod",Inline validation; instant success state replaces form without reload; prevents double submit.,"Idle, Validating, Submitting, Success, Rate-limited"
MKT-11,Public Marketing,Multi-column Global Footer,Public,"Separator, Badge, Button",Categorized links; newsletter; live status ping dot; cookie preferences link.,"Responsive mobile accordion stack"
MKT-12,Public Marketing,Cookie Consent Banner,Public,"Card/Sheet, Switch, Button",Non-blocking bottom banner; granular consent categories; revocable from footer.,"First visit, Granular modal, Dismissed"
AUTH-01,Authentication,Unified Auth Form (Sign In / Up),Both,"Card, Form, Input, Button, Separator",Split-screen or centered card; OAuth + email/password; password visibility toggle.,"Idle, Loading, Validation errors, Disabled"
AUTH-02,Authentication,Social / OAuth Provider Buttons,Both,"Button (outline), SVG Icons",Disables sibling buttons when one is clicked to prevent concurrent auth flows.,"Idle, Selected/Loading spinner, Service error"
AUTH-03,Authentication,Passwordless Magic Link Flow,Both,"Card, Input, Button, Icons",Replaces form with Check inbox card; resend countdown timer (60s).,"Awaiting submit, Sent, Resend cooldown, Expired"
AUTH-04,Authentication,2FA / TOTP 6-Digit Input,Both,"InputOTP, InputOTPGroup, InputOTPSlot",Auto-advances focus; auto-submits on 6th digit; full clipboard paste support.,"Blank, Focused slot, Error shake, Verifying"
AUTH-05,Authentication,Multi-Step Onboarding Stepper,Backend,"Progress, Button, Card",Indicates current step; persists progress in DB; allows skipping non-essential steps.,"Active step, Completed step, Unsaved warning"
AUTH-06,Authentication,Workspace Setup Wizard,Backend,"Form, Input, Avatar, Button",Real-time workspace slug availability checker with debounced API check.,"Checking slug, Slug taken, Slug valid, Uploaded"
NAV-01,App Shell,Collapsible Sidebar (Multi-Level),Backend,"Sidebar, Tooltip, Collapsible, Badge",Three states: Expanded, Icon-only Mini, Mobile Sheet; state persists across reloads.,"Expanded, Collapsed mini, Sub-menu open, Route active"
NAV-02,App Shell,Breadcrumb Trail with Dropdowns,Backend,"Breadcrumb, DropdownMenu",Auto-truncates middle steps; dropdown allows jumping sideways to sibling pages.,"Truncated, Full, Dropdown active"
NAV-03,App Shell,Workspace / Tenant Switcher,Backend,"Popover/Select, Avatar, Command",Shows current workspace; searchable org list; instant Create New Workspace modal.,"Single org, Multi-org list, Switching, Personal/Team"
NAV-04,App Shell,User Profile Menu Dropdown,Backend,"DropdownMenu, Avatar, Badge",Displays name, email, and role badge; quick links to Settings, Billing, Sign Out.,"Open, Closed, Session expired"
NAV-05,App Shell,Global App Top Bar,Backend,"Button, Breadcrumb, Separator",Sticky top; houses sidebar trigger, breadcrumbs, search shortcut, notifications, avatar.,"Scrolled border, Mobile layout with hamburger"
DVIZ-01,Analytics,Metric Stat Card (KPI),Backend,"Card, Badge, Recharts sparkline",Large metric; percentage delta badge vs previous period; contextual period label; sparkline.,"Positive trend, Negative trend, Neutral, Loading"
DVIZ-02,Analytics,Area / Line Time-Series Chart,Backend,"Chart, Recharts, Card, Tabs",Hover crosshairs; formatted tooltips; date range toggles (7d, 30d, 90d, 1y).,"Empty range, Loading skeleton, Data spike tooltip"
DVIZ-03,Analytics,Segmented Bar Chart,Backend,"Chart, Recharts, Card",Stacked/grouped bars; interactive legends click to toggle series visibility.,"Single series, Multi-series, Legend hidden, Responsive"
DVIZ-04,Analytics,Donut / Breakdown Chart,Backend,"Chart, Recharts, Card",Displays total summary in center cutout; hover highlights slice; side legend with %.,"Empty, Hovered slice, Legend wrapping"
DVIZ-05,Analytics,Date Range & Filter Picker,Backend,"Popover, Calendar, Button, Select",Quick presets (Today, 7d, 30d, Month); calendar bounds validation.,"Preset active, Custom range active, Open popover"
TABL-01,Data Tables,Standard App Data Table,Backend,"Table, @tanstack/react-table, Checkbox",URL-synchronized query params; row selection checkboxes; sticky column headers.,"Empty, Loading skeleton, Selected, Filtered"
TABL-02,Data Tables,Faceted Filter Toolbar,Backend,"Popover, Command, Badge, Button",Multi-select chips with counts; search inside filters; clear all button when dirty.,"Filter applied, Stacked filters, Empty search, Clear all"
TABL-03,Data Tables,Column Visibility Menu,Backend,"DropdownMenu, DropdownMenuCheckboxItem",Toggle column visibility; choices persist in localStorage/DB.,"Default columns, Hidden columns, Reset to default"
TABL-04,Data Tables,Floating Bulk Action Bar,Backend,"Card/motion.div, Button, Separator",Floats at screen bottom only when ≥1 row is selected; shows count and actions.,"Hidden (0 rows), Active (N rows), Indeterminate"
TABL-05,Data Tables,Pagination & Page-Size Controls,Backend,"Pagination, Select, Button",Shows count (1-25 of 1240); page size selector; keyboard navigation.,"First page, Last page, Single page only"
TABL-06,Data Tables,Slide-Over Inspection Drawer,Backend,"Sheet, Tabs, Separator, Button",Inspects record on click without losing table scroll or pagination state.,"Opening, Loaded record, Unsaved changes, Closing confirm"
TABL-07,Data Tables,Split-Pane / Master-Detail View,Backend,Resizable panels,Left list with status indicators; right detailed preview; draggable divider.,"Left collapsed, Resized panel, No selection placeholder"
TABL-08,Data Tables,Activity Feed & Audit Timeline,Backend,"ScrollArea, Avatar, Badge, Dialog",Vertical connector line; user avatar, timestamp, action; View Diff modal.,"Empty timeline, Collapsible older events, Diff modal"
SETT-01,Settings & CRUD,Vertical Tab Settings Layout,Backend,"Tabs (vertical), Card, Separator",Sub-navigation (General, Team, Billing, API); sticky title and description header.,"Active tab, Unsaved badge, Mobile stacked select"
SETT-02,Settings & CRUD,Floating Unsaved Changes Warning,Both,"motion.div, Card, Button",Floats at bottom if form is dirty; warns before page unload; Cmd+S hotkey.,"Clean (hidden), Dirty (visible), Saving, Discard confirm"
SETT-03,Settings & CRUD,Drag-and-Drop File / Avatar Uploader,Both,"Card, Input[file], Progress, Avatar",Dropzone dragover state; client-side image crop; size & MIME validation.,"Idle, Dragging over, Uploading (%), Error size"
SETT-04,Settings & CRUD,Team Members & RBAC Manager,Backend,"Table, Select, Dialog, Badge",Member list with role selector; prevents demoting last Owner; remove member action.,"Pending invitation, Active member, Role toast, Dialog"
SETT-05,Settings & CRUD,Invite Member Dialog,Backend,"Dialog, Input, Select, Button",Email invites with pre-selected roles; copyable share link with 1-click toast.,"Idle, Sending, Link copied, Email invalid"
SETT-06,Settings & CRUD,API Key Generator & Manager,Backend,"Table, Dialog, Input, Badge",Secret key shown ONCE in modal; masked keys in list with creation and last used date.,"Secret revealed (unmasked), Revoke confirm, Expired"
SETT-07,Settings & CRUD,Webhook Manager & Test Ping,Backend,"Card, Table, Dialog, Badge",Endpoint list with status dot; Send Test Event trigger; expandable JSON logs.,"Test sending, Ping 200 OK, Ping 500 Failed"
SETT-08,Settings & CRUD,Plan Usage Meter & Stripe Bridge,Backend,"Card, Progress, Button, Badge",Usage bars (e.g. 7400/10000); upgrade triggers; Stripe portal redirect.,"Approaching limit (>85%), Exceeded, Active tier"
SETT-09,Settings & CRUD,Invoice History & PDF Download,Backend,"Table, Badge, Button",Displays invoice date, amount, status badge; direct download link for PDF receipt.,"Paid status, Past due status, PDF downloading"
EDGE-01,Resilience & UX,Content-Geometry Skeleton Loaders,Both,Skeleton,Matches exact height and layout of target component to prevent layout shift (CLS).,"Pulsing animation, Staggered row skeletons"
EDGE-02,Resilience & UX,Zero-Data Empty States,Both,"Card, Icon, Button",Clear reason why it's empty; direct CTA to create first item or clear filters.,"No records created, No results matching search"
EDGE-03,Resilience & UX,Destructive Action Dialog (Guarded),Both,"AlertDialog, Input, Button (destructive)",Requires typing exact resource name or confirmation phrase to enable Delete.,"Input mismatch (disabled), Matched (enabled), Deleting"
EDGE-04,Resilience & UX,Inline Click-to-Edit Field,Backend,"Input, Button, Check, X",Turns into input on click; saves on Enter/blur; reverts on Escape.,"Read-only hover, Editing active, Auto-saving, Error revert"
EDGE-05,Resilience & UX,System Error Boundaries (404/403/500),Both,"Card, Button, Icons",Legible error code; non-technical explanation; primary CTA to return home/dashboard.,"404 Not Found, 403 Forbidden, 500 Crash with retry"
EDGE-06,Resilience & UX,Offline / Reconnecting Banner,Both,"motion.div, Badge, WifiOff",Sticky non-intrusive banner on connection loss; auto-dismisses on reconnect.,"Offline persistent, Reconnected transient toast"
EDGE-07,Resilience & UX,Button Loading State Geometry Lock,Both,"Button, Loader2",Spinner shows inside button while preserving exact original button width.,"Idle, Hover, Loading (width locked), Disabled"
MKT-13,Public Marketing,Blog / Prose Typography Layout,Public,"@tailwindcss/typography, ScrollArea","Highly readable max-width (prose); auto-generated sticky Table of Contents; copyable code blocks.","Standard prose, Image with caption, Blockquote, Mobile TOC collapsed"
MKT-14,Public Marketing,Contact Sales / Inbound Form,Public,"Form, Select, Textarea","Must include honeypot/invisible CAPTCHA to prevent spam; auto-expands textarea as user types; clear routing subject.","Idle, Validating, Submitting, Success state (replaces form), Rate-limited"
MKT-15,Public Marketing,Changelog / Release Notes,Public,"Badge, Separator, Card","Reverse-chronological timeline; visual tags for feature/bug/improvement; deep-linkable version hashes.","Single release view, Infinite scroll / Paginated history"
AUTH-07,Authentication,Password Reset / Recovery Flow,Both,"Form, Input, Button","Never reveal if an email exists (security); link expires quickly; enforces password strength on reset.","Email sent (generic success), Token invalid/expired, Password reset success"
AUTH-08,Authentication,Inactivity / Session Expiry Modal,Backend,"AlertDialog, Progress","Warns user 60 seconds before JWT/session expiry; offers 1-click 'Keep me signed in' to refresh token.","Warning countdown active, Session expired (forces redirect to login)"
NAV-06,App Shell,Contextual Help & Support Widget,Backend,"Sheet/Popover, Accordion, Input","Floating ? or menu item opens support docs without leaving the page; integrated Contact Support fallback.","Searching docs, Reading article, Support ticket form open"
NAV-07,App Shell,Mobile Bottom Tab Navigation,Backend,"NavigationMenu, Icons","For PWA/Mobile web: Sticky bottom bar replacing sidebar for top 4-5 routes; disappears on scroll down, appears on scroll up.","Active route, Inactive route, Badge indicator (e.g. unread alerts)"
TABL-09,Data Tables,Kanban / Pipeline Board,Backend,"dnd-kit, ScrollArea, Card","Draggable cards with visual drop indicators; smooth scrolling when dragging near edges; preserves state on drop.","Dragging active, Dropped (optimistic UI), Empty column, Loading"
TABL-10,Data Tables,View Toggle (List vs Grid),Backend,"ToggleGroup, Card, Table","Instantly switch between dense table and visual grid cards; preference saved in localStorage.","Grid view active, List view active, Skeleton grid vs Skeleton table"
TABL-11,Data Tables,Advanced Query Builder,Backend,"Select, Input, Button, Badge","Construct complex filters (WHERE Status = Active AND Amount > 100); add/remove rule rows dynamically.","Single rule, Grouped rules (AND/OR), Invalid rule warning"
SETT-10,Settings & CRUD,Rich Text / Markdown Editor,Backend,"Tiptap/Plate, ToggleGroup","Seamless WYSIWYG editing; sticky formatting toolbar; handles copy-paste from Word/Google Docs cleanly.","Focused, Empty placeholder, Text highlighted (toolbar appears)"
SETT-11,Settings & CRUD,Tag / Multi-select Input,Backend,"Command, Badge, Popover","Type and press Enter to create tags; backspace to delete last tag; dropdown suggests existing tags.","Focused, Tag created, Max tags reached, Duplicate tag warning"
SETT-12,Settings & CRUD,Dynamic Field Arrays,Backend,"Form, Button, Trash icon","Add/remove rows dynamically (e.g. Add another URL); animate entry/exit to avoid layout snapping.","1 row (delete disabled), N rows, Max rows limit reached"
EDGE-08,Resilience & UX,Route Loading Progress Bar,Both,"nextjs-toploader, CSS","Slim top progress bar for SPA route changes; gives instant feedback when a link is clicked before the new page renders.","Fetching (animating to 90%), Complete (100% and fade out)"
EDGE-09,Resilience & UX,App Update / Version Mismatch,Both,"Toast, motion.div","Detects new deployment hash; prompts user to Refresh to update to prevent API/Frontend mismatch errors.","Update available (dismissible but persistent), Force reload required"